{
  "contactos pagina" : {
    "transaction" : "contactos pagina",
    "sampleCount" : 16,
    "errorCount" : 0,
    "errorPct" : 0.0,
    "meanResTime" : 3.0,
    "medianResTime" : 3.0,
    "minResTime" : 2.0,
    "maxResTime" : 5.0,
    "pct1ResTime" : 4.300000000000001,
    "pct2ResTime" : 5.0,
    "pct3ResTime" : 5.0,
    "throughput" : 4.226096143687269,
    "receivedKBytesPerSec" : 6.842643951399895,
    "sentKBytesPerSec" : 1.1885895404120443
  },
  "Total" : {
    "transaction" : "Total",
    "sampleCount" : 80,
    "errorCount" : 0,
    "errorPct" : 0.0,
    "meanResTime" : 20.28750000000001,
    "medianResTime" : 4.0,
    "minResTime" : 1.0,
    "maxResTime" : 157.0,
    "pct1ResTime" : 66.80000000000001,
    "pct2ResTime" : 93.85000000000007,
    "pct3ResTime" : 157.0,
    "throughput" : 17.379969585053228,
    "receivedKBytesPerSec" : 666.213568257115,
    "sentKBytesPerSec" : 6.713310273191397
  },
  "api contactos" : {
    "transaction" : "api contactos",
    "sampleCount" : 21,
    "errorCount" : 0,
    "errorPct" : 0.0,
    "meanResTime" : 16.714285714285722,
    "medianResTime" : 6.0,
    "minResTime" : 3.0,
    "maxResTime" : 96.0,
    "pct1ResTime" : 65.40000000000002,
    "pct2ResTime" : 93.39999999999996,
    "pct3ResTime" : 96.0,
    "throughput" : 4.562242016076472,
    "receivedKBytesPerSec" : 579.5428507902456,
    "sentKBytesPerSec" : 0.8153225477949164
  },
  "contactos" : {
    "transaction" : "contactos",
    "sampleCount" : 18,
    "errorCount" : 0,
    "errorPct" : 0.0,
    "meanResTime" : 60.44444444444444,
    "medianResTime" : 46.5,
    "minResTime" : 37.0,
    "maxResTime" : 157.0,
    "pct1ResTime" : 101.20000000000009,
    "pct2ResTime" : 157.0,
    "pct3ResTime" : 157.0,
    "throughput" : 4.318618042226488,
    "receivedKBytesPerSec" : 84.98905350287907,
    "sentKBytesPerSec" : 0.7549146773032629
  },
  "contactos get one" : {
    "transaction" : "contactos get one",
    "sampleCount" : 14,
    "errorCount" : 0,
    "errorPct" : 0.0,
    "meanResTime" : 4.714285714285714,
    "medianResTime" : 2.0,
    "minResTime" : 1.0,
    "maxResTime" : 28.0,
    "pct1ResTime" : 19.5,
    "pct2ResTime" : 28.0,
    "pct3ResTime" : 28.0,
    "throughput" : 4.215597711532671,
    "receivedKBytesPerSec" : 5.170694068051791,
    "sentKBytesPerSec" : 0.7616070084311953
  },
  "contactos update" : {
    "transaction" : "contactos update",
    "sampleCount" : 11,
    "errorCount" : 0,
    "errorPct" : 0.0,
    "meanResTime" : 6.363636363636365,
    "medianResTime" : 3.0,
    "minResTime" : 2.0,
    "maxResTime" : 27.0,
    "pct1ResTime" : 24.800000000000008,
    "pct2ResTime" : 27.0,
    "pct3ResTime" : 27.0,
    "throughput" : 3.8287504350852766,
    "receivedKBytesPerSec" : 0.5683301427079707,
    "sentKBytesPerSec" : 5.907642272885485
  }
}